,LOCART MAD,A-LOCART MAD,Global CP MAD,Naive MAD,CDF MAD,Local CDF MAD
mean,0.06428399999999998,0.06457600000000001,0.09725599999999998,0.05916599999999998,0.05822199999999999,0.05242
stderr,0.003686238456636206,0.0043261384581614664,0.0040164683034542995,0.00397176217509435,0.004200279184112621,0.003206862539451726
