,LOCART MAD,A-LOCART MAD,Global CP MAD,Naive MAD,CDF MAD,Local CDF MAD
mean,0.03743424000000001,0.03657988,0.04773588,0.05906151999999998,0.043936279999999994,0.03681588000000001
stderr,0.0006664205319129219,0.0006925842677027737,0.0015487497118353893,0.0035651817168948965,0.002278014151295386,0.0008635624882628317
