,LOCART MAD,A-LOCART MAD,Global CP MAD,Naive MAD,CDF MAD,Local CDF MAD,HDR MAD
mean,0.22104800000000002,0.229566,0.17686999999999997,0.270656,0.229524,0.244946,0.23798854409921927
stderr,0.007338983547481497,0.0074378681442071985,0.007684901311224843,0.006724100522503712,0.008544610216686425,0.008302540162074327,0.00768601789833758
