,LOCART MAD,A-LOCART MAD,Global CP MAD,Naive MAD,CDF MAD,Local CDF MAD,HDR MAD
mean,0.013661880000000008,0.01432324000000001,0.01313240000000001,0.05217108000000002,0.02939364000000001,0.03029312000000001,0.057430220903313546
stderr,0.0002817691769762576,0.000450350419172648,0.00020912090439040583,0.0008037247314541345,0.0002938247412652513,0.0004460379856066986,0.0018600733760400499
