,LOCART MAD,A-LOCART MAD,Global CP MAD,Naive MAD,CDF MAD,Local CDF MAD,HDR MAD
mean,0.07504199999999998,0.02855200000000001,0.08253799999999999,0.07960600000000002,0.02840600000000001,0.029584000000000006,0.12259492198553074
stderr,0.0018553729808206173,0.0012406424931938967,0.0011730507583359944,0.002377912667248573,0.0009905818121339661,0.001112586103065598,0.0023052616757896975
