,LOCART MAD,A-LOCART MAD,Global CP MAD,Naive MAD,CDF MAD,Local CDF MAD,HDR MAD
mean,0.038900800000000006,0.02950140000000001,0.038954960000000004,0.11233624000000003,0.025487280000000015,0.02587064000000001,0.1681051563736224
stderr,0.00039896083793285,0.0004284230000114088,0.00038943688174761557,0.0012146912528049328,0.0003725106469263255,0.0004650256203255727,0.0028927467323188742
