,LOCART MAD,A-LOCART MAD,Global CP MAD,Naive MAD,CDF MAD,Local CDF MAD,HDR MAD
mean,0.04377352000000002,0.04262108000000001,0.03585000000000002,0.05243876000000001,0.047775880000000014,0.05467252000000002,0.05314037916598669
stderr,0.0021378550521186854,0.0022380081779938485,0.00186937988714145,0.0026643924524861777,0.002001725153438954,0.002258808124082346,0.001633636733471926
