,LOCART MAD,A-LOCART MAD,Global CP MAD,Naive MAD,CDF MAD,Local CDF MAD,HDR MAD
mean,0.04004348000000001,0.041972400000000014,0.03399012000000001,0.05218284000000001,0.041907440000000025,0.046863080000000015,0.05001018526195411
stderr,0.0021933552170022574,0.0025471517519274228,0.0023092064645744985,0.0035887985378953782,0.0022401952189276095,0.0025188167472843274,0.002033368657112519
