,LOCART MAD,Global CP MAD,Naive MAD,CDF MAD
mean,0.038816920000000005,0.0387586,0.11181304000000003,0.025616200000000006
stderr,0.0003446927349133442,0.000316733595648212,0.0010450416591481423,0.00030743184942490334
