,LOCART MAD,A-LOCART MAD,Global CP MAD,Naive MAD,CDF MAD,Local CDF MAD
mean,0.069382,0.067226,0.07148199999999999,0.3766360000000001,0.07494199999999998,0.07311999999999999
stderr,0.0031144936889927247,0.003192223727518266,0.00365240059720302,0.011475427077553361,0.0038701474844016486,0.0035932237813497145
