,LOCART MAD,Global CP MAD,Naive MAD,CDF MAD
mean,0.03711768000000001,0.04952884,0.05312195999999998,0.043066200000000006
stderr,0.0008203313623363749,0.0012945971067731086,0.0015128977148100755,0.0014290723124760734
