,LOCART MAD,Global CP MAD,Naive MAD,CDF MAD
mean,0.23533400000000002,0.174828,0.27855199999999997,0.22772999999999996
stderr,0.008196239361650525,0.005488902377171819,0.006681691243805794,0.007552415075284711
