,LOCART MAD,A-LOCART MAD,Global CP MAD,Naive MAD,CDF MAD,Local CDF MAD,HDR MAD
mean,0.08576199999999998,0.09404799999999999,0.12116799999999996,0.08911200000000001,0.092314,0.08517000000000001,0.08863627624004146
stderr,0.004422566334108719,0.0051940273705989096,0.0052484131246054375,0.005163500347316217,0.005426071612396683,0.0049944542714282355,0.005541469373412233
