,LOCART MAD,A-LOCART MAD,Global CP MAD,Naive MAD,CDF MAD,Local CDF MAD,HDR MAD
mean,0.065456,0.06631399999999997,0.06866,0.28190800000000005,0.07313799999999998,0.06622599999999998,0.14879833217264404
stderr,0.002303444023054812,0.002338571009686672,0.002503856617137585,0.01236529898959345,0.0027541892247473277,0.002701415819264303,0.005948057492431153
