,LOCART MAD,Global CP MAD,Naive MAD,CDF MAD
mean,0.084074,0.12456399999999998,0.09593599999999998,0.09594199999999999
stderr,0.004705914480952753,0.005527032462066303,0.005218121297703898,0.005359552288642576
