,LOCART MAD,Global CP MAD,Naive MAD,CDF MAD
mean,0.078856,0.084476,0.08072600000000002,0.031008000000000008
stderr,0.0016423481447523322,0.001351641662451061,0.0023997615697891185,0.00105126489409236
