,LOCART MAD,Global CP MAD,Naive MAD,CDF MAD
mean,0.013661880000000008,0.01313240000000001,0.05199960000000003,0.029394840000000002
stderr,0.0002817691769762576,0.00020912090439040583,0.000789773762490479,0.000292630865000636
