,LOCART MAD,A-LOCART MAD,Global CP MAD,Naive MAD,CDF MAD,Local CDF MAD,HDR MAD
mean,0.038573720000000006,0.04089000000000001,0.04783996,0.05771519999999997,0.04648300000000001,0.04004536000000001,0.05640463770801435
stderr,0.0007614172435715935,0.0007799370712448799,0.001176867512166019,0.0018277967341103574,0.0021459446125191572,0.0010905286902662746,0.002114642439937573
