,LOCART MAD,Global CP MAD,Naive MAD,CDF MAD
mean,0.06956199999999998,0.071468,0.38175799999999993,0.07544199999999998
stderr,0.003114150573738908,0.003642580874678204,0.012623638367469698,0.0038885379341477588
