,LOCART MAD,A-LOCART MAD,Global CP MAD,Naive MAD,CDF MAD,Local CDF MAD
mean,0.036576000000000004,0.035456,0.03341000000000001,0.04310800000000002,0.03400600000000001,0.035542000000000004
stderr,0.0015788747219950988,0.0015052944928498479,0.0014142316006963505,0.0019389810915708763,0.0015508612748655341,0.0014683659945250536
