,LOCART MAD,A-LOCART MAD,Global CP MAD,Naive MAD,CDF MAD,Local CDF MAD
mean,0.09847199999999999,0.100134,0.099618,0.09827999999999998,0.09895000000000001,0.10012999999999998
stderr,0.005528582532288592,0.005588884456614554,0.005383997217757112,0.00516056396221995,0.005217515438112164,0.005679170139147775
