,LOCART MAD,A-LOCART MAD,Global CP MAD,Naive MAD,CDF MAD,Local CDF MAD
mean,0.083042,0.081324,0.08007599999999998,0.13792400000000002,0.08275399999999998,0.083714
stderr,0.0037356212389395593,0.00320086411802201,0.0034650565386911843,0.007219235959347408,0.00388847508015412,0.0037890465226782855
