,LOCART MAD,A-LOCART MAD,Global CP MAD,Naive MAD,CDF MAD,Local CDF MAD
mean,0.06529296000000001,0.06666444,0.073288,0.07480147999999998,0.0730924,0.06584904
stderr,0.0038793668994277293,0.003859549249896354,0.004240555512319256,0.005954544689956212,0.004359259585886445,0.003907086507920641
