LOCART MAD;Global CP MAD;Naive MAD;CDF MAD
0.043500000000000004;0.04530000000000002;0.043600000000000014;0.03910000000000001
