LOCART MAD;Global CP MAD;Naive MAD;CDF MAD
0.018900000000000007;0.07899999999999999;0.06319999999999996;0.06329999999999998
