,LOCART MAD,A-LOCART MAD,Global CP MAD,Naive MAD,CDF MAD,Local CDF MAD,HDR MAD
mean,0.06243999999999997,0.06431999999999997,0.058093333333333316,0.08082000000000003,0.053566666666666665,0.06242666666666664,0.07493770394003817
stderr,0.0019960150777176477,0.0019097544095411584,0.002271321550838098,0.006232328923406067,0.003329230808727111,0.0023406239840949726,0.0048273902443006
