LOCART MAD,Global CP MAD,Naive MAD,CDF MAD
0.034208,0.034208,0.089162,0.06561399999999999
