,LOCART MAD,Global CP MAD,Naive MAD,CDF MAD
mean,0.037056666666666654,0.03562666666666666,0.05089333333333335,0.03225333333333333
stderr,0.0027170867033012953,0.002012271928486862,0.003277018081973083,0.0023231937325100416
