,LOCART MAD,Global CP MAD,Naive MAD,CDF MAD
mean,0.04620000000000002,0.0373,0.05690000000000003,0.16250000000000003
stderr,,,,
